#n_procs,init,communication,computation,host_dev_once,host_dev_iter
1,0.014704,0.000001,0.000050,0.005723,0.000000
2,0.013197,0.001312,0.000030,0.002836,0.000000
4,0.012807,0.000909,0.000027,0.001648,0.000000
8,0.013614,0.008467,0.000028,0.001726,0.000000
16,0.013816,0.004232,0.000029,0.001641,0.000000
32,0.012882,0.005440,0.000026,0.000586,0.000000
