#n_procs,init,communication,computation,host_dev_once,host_dev_iter
1,0.009226,0.000000,0.000280,0.000000,0.000001
2,0.005162,0.000048,0.000143,0.000000,0.000001
4,0.002858,0.001432,0.000076,0.000000,0.000001
8,0.002130,0.002971,0.000045,0.000000,0.000001
16,0.001755,0.001952,0.000028,0.000000,0.000001
32,0.002197,0.002763,0.000020,0.000000,0.000001
