#n_procs,init,communication,computation,host_dev_once,host_dev_iter
1,0.009555,0.000000,0.000291,0.000000,0.000000
2,0.010590,0.000014,0.000167,0.000000,0.000000
4,0.222360,0.000165,0.000083,0.000000,0.000000
8,0.796914,0.000134,0.000054,0.000000,0.000000
16,1.345665,0.000315,0.000037,0.000000,0.000000
32,2.552495,0.000331,0.000031,0.000000,0.000000
