#n_procs,init,communication,computation
1,0.172378,0.000006,0.000341
2,0.101237,0.000040,0.000170
4,0.057577,0.000113,0.000086
8,