#n_procs,init,communication,computation
1,0.129988,0.000007,0.051161
2,0.072295,0.008274,0.025657
4,0.042858,0.025381,0.012886
8,0.034798,0.065498,0.006611
