#init,communication,computation
0.023012,0.000010,0.001966
0.022588,0.026319,0.001942
0.022654,0.026794,0.001952
0.022543,0.043847,0.001944
