#init,communication,computation
#,,
0.000001,0.000009,0.002148
0.000000,0.003344,0.002052
0.000000,0.003831,0.002003
0.000000,0.020634,0.062763
