#n_procs,init,communication,computation
1,0.171411,0.000000,0.000341
2,0.100944,0.000150,0.000171
4,0.057823,0.000196,0.000087
8,0.035778,0.000766,0.000045
16,0.021117,0.000934,0.000024
32,0.018456,0.001053,0.000013
