#n_procs,init,communication,computation
1,0.039917,0.000000,0.059618
2,0.019891,0.000281,0.029917
4,0.010813,0.000188,0.015075
8,