#n_procs,init,communication,computation
1,0.000940,0.000000,0.000028
2,0.000701,0.000057,0.000015
4,0.000928,0.000163,0.000008
8,0.001180,0.000201,0.000004
16,0.000998,0.000227,0.000003
32,0.001059,0.000184,0.000002
