#n_procs,init,communication,computation
1,0.015720,0.000003,0.000006
2,0.013133,0.000022,0.000004
4,0.012759,0.000299,0.000003
8,0.012591,0.000525,0.000003
16,0.009851,0.000817,0.000003
32,0.012683,0.000893,0.000003
