#n_procs,init,communication,computation
1,0.001075,0.000000,0.000033
2,0.000734,0.000001,0.000031
4,0.050173,0.000499,0.000009
8,0.023636,0.000249,0.000006
16,0.024857,0.000541,0.000003
32,0.027894,0.000502,0.000003
