#n_procs,init,communication,computation,host_device
1,3.510887,6.065384,0.019783,7.985062
2,1.798914,5.833581,0.013528,5.132630
4,0.939587,4.977307,0.016669,3.442150
8,0.462033,5.471983,0.018444,2.464889
16,0.230308,3.295575,0.019576,2.103036
32,0.113630,2.998873,0.019229,1.893312
