#n_procs,init,communication,computation,host_device
1,1.449753,6.424126,100.171941,0.000000
2,0.828230,7.225188,48.207250,0.000000
4,0.410508,5.357285,24.384184,0.000000
8,0.210777,5.270697,12.434036,0.000000
16,0.096053,5.000014,7.133478,0.000000
32,0.051632,3.275827,3.812384,0.000000
