#n_procs,init,communication,computation
1,0.220886,0.376424,0.518744
2,0.113625,0.382004,0.330742
4,0.058103,0.317599,0.229805
8,0.028553,0.435139,0.168110
16,0.014487,0.298508,0.161507
32,0.008143,0.356685,0.149774
