#n_procs,init,communication,computation
1,0.021862,0.011294,0.043716
2,0.027332,0.007163,0.023627
4,0.034934,0.027282,0.014189
8,0.019902,0.020847,0.008463
