#n_procs,init,communication,computation
1,0.002689,0.011284,0.041983
2,0.017241,0.006787,0.023090
4,0.022326,0.024451,0.013303
8,0.026298,0.020152,0.008131
16,0.024211,0.030980,0.005656
32,0.039439,0.021054,0.004172
