#n_procs,init,communication,computation
1,0.002841,0.011449,6.138203
2,0.017588,0.010268,2.528555
4,0.025133,0.046814,1.291040
8,0.021444,0.058017,0.644018
