#n_procs,init,communication,computation
1,0.309338,0.573067,0.019728
2,0.280445,0.572825,0.000716
4,0.278145,0.574375,0.000719
8,0.283105,0.565986,0.000717
