#init,communication,computation
#
0.000030,0.000016,0.000025
0.000021,0.000060,0.000028
0.000012,0.000113,0.000014
0.000014,0.000207,0.000043
