#init,communication,computation
#,,
0.000038,0.000047,0.015137
0.000031,0.000208,0.001847
0.000020,0.000881,0.000261
0.000022,0.004107,0.000432
