#n_procs,init,communication,computation
1,0.091088,0.377912,1.571086
2,0.046010,0.460174,0.779997
4,0.024153,0.375866,0.460369
8,0.013362,0.517349,0.271278
16,0.008855,0.386023,0.187881
32,0.009940,2.507075,0.250274
