#n_procs,init,communication,computation
1,0.002598,0.003941,0.026645
2,0.001441,0.010930,0.011266
4,0.000954,0.007829,0.014806
8,0.000788,0.056760,0.019477
16,0.000650,0.109258,0.016070
32,0.000573,0.257200,0.015141
