#init,communication,computation
#,,
0.000039,0.000017,0.000450
0.000027,0.000063,0.000028
0.000014,0.000105,0.000017
0.000018,0.000213,0.000042
