#init,communication,computation
#
0.000028,0.000016,0.000022
0.000021,0.000058,0.000011
0.000012,0.000097,0.000006
0.000014,0.000206,0.000003
