#init,communication,computation
#,,
0.000037,0.000017,0.000022
0.000027,0.000048,0.000015
0.000016,0.000102,0.000006
0.000019,0.000194,0.000003
