#init,communication,computation
#
0.000036,0.000045,0.015452
0.000025,0.000197,0.001122
0.000016,0.000877,0.000264
0.000017,0.004079,0.000466
