#n_procs,init,communication,computation
1,0.047194,0.000000,0.074882
2,0.020296,0.000068,0.028937
4,0.011472,0.000503,0.014969
8,0.005953,0.000271,0.007499
16,0.013430,0.006429,0.004979
32,0.002407,0.000169,0.001092
