#n_procs,init,communication,computation
1,0.039908,0.000000,0.059777
2,0.019891,0.000137,0.029839
4,0.010629,0.000182,0.015068
8,0.006137,0.000246,0.007517
16,0.002940,0.000333,0.003503
32,0.002992,0.000289,0.001127
