#n_procs,init,communication,computation
1,0.040107,0.000000,0.005747
2,0.020520,0.000009,0.002940
4,0.010122,0.000072,0.001637
8,0.005005,0.000021,0.000743
16,0.002744,0.000022,0.000340
32,0.001552,0.000024,0.000108
