#n_procs,init,communication,computation,host_dev_once,host_dev_iter
1,0.173575,0.000001,0.001783,0.458016,0.000644
2,0.106112,0.001243,0.000881,0.245996,0.000704
4,0.060429,0.001315,0.000447,0.125545,0.000694
8,0.036697,0.002208,0.000235,0.064084,0.000695
16,0.024428,0.004181,0.000125,0.032593,0.000716
32,0.018294,0.005785,0.000077,0.017395,0.000709
