#n_procs,init,communication,computation,host_dev_once,host_dev_iter
1,0.876424,0.000000,0.059723,0.000000,0.000000
2,0.445027,0.000622,0.029793,0.000000,0.000000
4,0.218277,0.002010,0.014788,0.000000,0.000000
8,0.112158,0.001819,0.007400,0.000000,0.000000
16,0.063362,0.002383,0.003417,0.000000,0.000000
32,0.029544,0.002252,0.001079,0.000000,0.000000
