#n_procs,init,communication,computation
1,0.173533,0.000006,0.000341
2,0.101426,0.000124,0.000170
4,0.057061,0.000146,0.000086
8,0.036689,0.000504,0.000044
16,0.023867,0.000284,0.000023
32,0.018317,0.001123,0.000013
