#n_procs,init,communication,computation,host_dev_once,host_dev_iter
1,0.946308,0.001,60.122,0.000000,0.000001
2,0.473306,0.167,30.041,0.000000,0.000001
4,0.241738,8.637,15.084,0.000000,0.000001
8,0.121194,1.597,7.422,0.000000,0.000001
16,0.060613,8.822,3.460,0.000000,0.000001
32,0.030854,6.272,1.067,0.000000,0.000001
