#n_procs,init,communication,computation,host_dev_once,host_dev_iter
1,0.169688,0.000001,0.001773,0.452748,0.000065
2,0.101165,0.001306,0.000881,0.243187,0.000069
4,0.057531,0.001368,0.000447,0.125130,0.000069
8,0.035461,0.002161,0.000235,0.063576,0.000069
16,0.023892,0.009766,0.000125,0.032809,0.000071
32,0.018303,0.007098,0.000077,0.016756,0.000071
