#n_procs,init,communication,computation
1,0.040396,0.000000,0.058111
2,0.021598,0.000234,0.029593
4,0.032761,0.003243,0.015399
8,0.006379,0.000537,0.007634
16,0.003617,0.000242,0.003526
32,0.002369,0.000308,0.001114
