#n_procs,init,communication,computation
1,0.085174,0.000000,0.006136
2,0.042337,0.000056,0.003058
4,0.020409,0.000292,0.001516
8,0.010720,0.000798,0.000752
16,0.005253,0.000705,0.000348
32,0.002613,0.000790,0.000108
