#n_procs,init,communication,computation,host_dev_once,host_dev_iter
1,0.946308,0.000001,0.060122,0.000000,0.000001
2,0.473306,0.000167,0.030041,0.000000,0.000001
4,0.241738,0.008637,0.015084,0.000000,0.000001
8,0.121194,0.001597,0.007422,0.000000,0.000001
16,0.060613,0.008822,0.003460,0.000000,0.000001
32,0.030854,0.006272,0.001067,0.000000,0.000001
