#n_procs,init,communication,computation
1,0.039894,0.000000,0.059780
2,0.019930,0.000087,0.029993
4,0.010647,0.000250,0.015061
8,0.005912,0.000226,0.007548
16,0.003403,0.000210,0.003539
32,0.002346,0.000239,0.001097
