#n_procs,init,communication,computation,host_dev_once,host_dev_iter
1,0.904133,0.000000,0.060056,0.000000,0.000000
2,0.462895,0.000104,0.030049,0.000000,0.000000
4,0.577824,0.000214,0.015127,0.000000,0.000000
8,0.725491,0.000215,0.007386,0.000000,0.000000
16,1.411289,0.000261,0.003420,0.000000,0.000000
32,2.648569,0.000249,0.001095,0.000000,0.000000
