#n_procs,init,communication,computation,host_dev_once,host_dev_iter
1,0.876424,0.000000,59.723,0.000000,0.000000
2,0.445027,0.622,29.793,0.000000,0.000000
4,0.218277,2.010,14.788,0.000000,0.000000
8,0.112158,1.819,7.400,0.000000,0.000000
16,0.063362,2.383,3.417,0.000000,0.000000
32,0.029544,2.252,1.079,0.000000,0.000000
