#n_procs,init,communication,computation,host_dev_once,host_dev_iter
1,0.171474,0.000001,0.001785,0.446774,0.000000
2,0.101328,0.002651,0.000887,0.243852,0.000000
4,0.057295,0.003337,0.000454,0.125586,0.000000
8,0.035464,0.008295,0.000237,0.063864,0.000000
16,0.024104,0.006395,0.000130,0.033237,0.000000
32,0.018038,0.015057,0.000078,0.016884,0.000000
