#n_procs,init,communication,computation,host_device
1,0.093507,0.377507,335.110105,0.000000
2,0.046870,1.285364,128.654257,0.000000
4,0.024500,1.008159,65.540157,0.000000
8,0.012603,0.691862,37.918673,0.000000
16,0.007350,0.446399,25.926436,0.000000
32,0.004449,1.019831,6.945735,0.000000
