#n_procs,init,communication,computation
1,0.093507,0.377507,335.110105
2,0.046870,1.285364,128.654257
4,0.024500,1.008159,65.540157
8,0.012603,0.691862,37.918673
16,0.007350,0.446399,25.926436
32,0.004449,1.019831,6.945735
