#n_procs,init,communication,computation,host_device
1,0.095320,0.397581,1.596263,0.000000
2,0.047247,0.453962,0.780961,0.000000
4,0.027664,0.403632,0.476203,0.000000
8,0.014790,0.455183,0.273180,0.000000
16,0.007527,0.349989,0.210198,0.000000
32,0.004752,0.330208,0.124760,0.000000
