#n_procs,init,communication,computation,host_device
1,0.220228,0.375898,0.019477,0.500382
2,0.111471,0.378254,0.011040,0.318186
4,0.056960,0.315630,0.014835,0.214609
8,0.028784,0.419444,0.021372,0.151755
16,0.014515,0.306989,0.024988,0.136948
32,0.007570,0.318773,0.024364,0.125359
