#n_procs,init,communication,computation,host_dev_once,host_dev_iter
1,0.774912,0.000000,0.059619,0.000000,0.000000
2,0.392026,0.000065,0.029765,0.000000,0.000000
4,0.428847,0.000247,0.014951,0.000000,0.000000
8,1.075036,0.000341,0.007499,0.000000,0.000000
16,1.424247,0.000358,0.003502,0.000000,0.000000
32,