#n_procs,init,communication,computation,host_dev_once,host_dev_iter
1,0.171333,0.000001,0.001777,0.443979,0.000000
2,0.100254,0.003713,0.000887,0.242330,0.000000
4,0.057631,0.003219,0.000454,0.125474,0.000000
8,0.035942,0.006152,0.000240,0.063641,0.000000
16,0.023654,0.006501,0.000136,0.032621,0.000000
32,0.018343,0.005171,0.000080,0.017116,0.000000
