#n_procs,init,communication,computation,host_dev_once,host_dev_iter
1,0.937348,0.000001,0.059956,0.000000,0.000001
2,0.474925,0.000933,0.030038,0.000000,0.000001
4,0.244286,0.008097,0.015108,0.000000,0.000001
8,0.121240,0.008807,0.007500,0.000000,0.000001
16,0.061456,0.007386,0.003447,0.000000,0.000002
32,