#n_procs,init,communication,computation
1,0.001554,0.004115,2.811733
2,0.001248,0.005735,1.403763
4,0.000841,0.037080,0.697860
8,0.000747,0.130179,0.341451
16,0.000700,0.208651,0.170590
32,0.000754,0.298809,0.085370
