#n_procs,init,communication,computation
1,0.001446,0.003547,0.057435
2,0.001052,0.004799,0.015002
4,0.001191,0.055428,0.034405
8,0.001026,0.174119,0.019680
16,0.005394,0.718917,0.098170
32,0.001238,0.316629,0.027230
