#n_procs,init,communication,computation,host_device
1,0.001554,0.004115,2.811733,0.000000
2,0.001248,0.005735,1.403763,0.000000
4,0.000841,0.037080,0.697860,0.000000
8,0.000747,0.130179,0.341451,0.000000
16,0.000700,0.208651,0.170590,0.000000
32,0.000754,0.298809,0.085370,0.000000
