#n_procs,init,communication,computation,host_device
1,0.002549,0.003992,0.019023,0.005454
2,0.001462,0.010834,0.007701,0.003538
4,0.000947,0.007575,0.011603,0.003250
8,0.000865,0.094256,0.016111,0.002270
16,0.000667,0.217814,0.013331,0.001085
32,0.000596,0.357068,0.013257,0.001026
