#n_procs,init,communication,computation,host_dev_once,host_dev_iter
1,0.014832,0.000001,0.000062,0.003917,0.000319
2,0.013225,0.000152,0.000037,0.002217,0.000324
4,0.012767,0.000944,0.000031,0.001266,0.000329
8,0.014668,0.007388,0.000032,0.001407,0.000332
16,0.013277,0.014443,0.000029,0.000986,0.000331
32,0.012989,0.006447,0.000027,0.000516,0.000330
