#n_procs,init,communication,computation,host_dev_once,host_dev_iter
1,0.017065,0.000001,0.000048,0.005172,0.0000320
2,0.013135,0.000226,0.000028,0.002727,0.0000325
4,0.012769,0.000557,0.000025,0.001627,0.0000331
8,0.013824,0.006856,0.000025,0.001629,0.0000334
16,0.013336,0.004426,0.000025,0.001395,0.0000334
32,0.012868,0.005076,0.000026,0.000581,0.0000332
