#n_procs,init,communication,computation,host_dev_once,host_dev_iter
1,0.014900,0.000001,0.000048,0.004912,0.000000
2,0.013100,0.001356,0.000031,0.002737,0.000000
4,0.012743,0.001329,0.000027,0.001663,0.000000
8,0.013638,0.003071,0.000026,0.001887,0.000000
16,0.013013,0.010120,0.000030,0.000966,0.000000
32,0.012924,0.009941,0.000026,0.000632,0.000000
