#n_procs,init,communication,computation,host_dev_once,host_dev_iter
1,0.008257,0.000001,0.000268,0.000000,0.000001
2,0.004493,0.000144,0.000117,0.000000,0.000000
4,0.002476,0.000790,0.000069,0.000000,0.000001
8,0.002302,0.008248,0.000058,0.000000,0.000001
16,0.002263,0.008208,0.000039,0.000000,0.000001
32,0.001619,0.002417,0.000034,0.000000,0.000001
