#n_procs,init,communication,computation,host_dev_once,host_dev_iter
1,0.008899,0.000000,0.000285,0.000000,0.000000
2,0.007312,0.000011,0.000171,0.000000,0.000000
4,0.206417,0.000039,0.000089,0.000000,0.000000
8,0.539132,0.000213,0.000056,0.000000,0.000000
16,1.363227,0.000219,0.000037,0.000000,0.000000
32,2.575378,0.000172,0.000029,0.000000,0.000000
