#n_procs,init,communication,computation,host_dev_once,host_dev_iter
1,0.014912,0.000001,0.000063,0.003854,0.000000
2,0.013151,0.001184,0.000039,0.002211,0.000000
4,0.012735,0.001214,0.000032,0.001321,0.000000
8,0.013358,0.002212,0.000033,0.001565,0.000000
16,0.013172,0.009109,0.000031,0.000872,0.000000
32,0.013066,0.008742,0.000029,0.000610,0.000000
