#n_procs,init,communication,computation
1,0.014855,0.000000,0.000006
2,0.013098,0.000116,0.000004
4,0.012782,0.000042,0.000003
8,0.012736,0.001200,0.000003
16,0.012771,0.001314,0.000003
32,0.012821,0.000604,0.000003
