#n_procs,init,communication,computation
1,0.000751,0.000000,0.000295
2,0.000916,0.000007,0.000155
4,0.001416,0.000328,0.000105
8,0.001734,0.000361,0.000062
16,0.001695,0.000322,0.000042
32,0.001702,0.000183,0.000032
