#n_procs,init,communication,computation,host_dev_once,host_dev_iter
1,0.009187,0.000000,0.000289,0.000000,0.000000
2,0.005040,0.001814,0.000265,0.000000,0.000000
4,0.003327,0.000953,0.000111,0.000000,0.000000
8,0.002121,0.002813,0.000069,0.000000,0.000000
16,0.001732,0.002959,0.000044,0.000000,0.000000
32,0.001402,0.006008,0.000029,0.000000,0.000000
