#n_procs,init,communication,computation
1,0.000805,0.000000,0.000291
2,0.000766,0.000021,0.000170
4,0.001705,0.000283,0.000151
8,0.001686,0.000143,0.000071
16,0.007714,0.003466,0.000955
32,0.001708,0.000147,0.000061
