#n_procs,init,communication,computation
1,0.000679,0.000000,0.000291
2,0.000857,0.000019,0.000173
4,0.001447,0.000330,0.000113
8,0.001572,0.000132,0.000075
16,0.001779,0.000355,0.000041
32,0.001670,0.000257,0.000032
