#n_procs,init,communication,computation,host_dev_once,host_dev_iter
1,0.996178,0.000001,0.010747,2.828900,0.000000
2,0.576091,0.014714,0.005401,1.524485,0.000000
4,0.294249,0.012153,0.002709,0.778209,0.000000
8,0.154661,0.012993,0.001364,0.392386,0.000000
16,0.083110,0.011728,0.000697,0.197458,0.000000
32,0.048159,0.011326,0.000358,0.099562,0.000000
